DATA,Job Number,Version,File Creation Date,Job Confirmation Status,Manhour Count,Job Part,Job's Market,SMPL Salesperson Name,SMPL Salesperson Mobile Number,SMPL Salesperson Email,SMPL General Manager Name,SMPL General Manager Mobile Number,SMPL General Manager Email,SMPL Order Processor Name,SMPL Order Processor Mobile Number,SMPL Order Processor Email,SMPL Sales-Requested Personnel Coordinator Name,Orderer Name,Orderer Office Phone,Orderer Mobile Number,Orderer Email,Client Notes,Job Name,Venue,Venue Street Address,Venue City,Venue State,Venue Zip Code,Venue Notes,Onsite Payment Details,Notes for Booking Staff,Notes For Crew,Pay Rates Sheet  (as attachment?),Billing and Field Guidelines Sheet  (as attachment?),Onsite Contact Name,Onsite Contact Mobile Number,Onsite Contact Order Change Authorization,Room,Meeting Place for Crew,Dress Code,Date,Start Time,End Time,Call Type,Position Title,Position Quantity per Title
VALUE,26.9999,v1,3/20/2026,Confirmed,,HAND,"DALLAS/FT-WORTH, TEXAS",Roy Pond,214-289-4267,Roy.Pond@ShowMasters.com,Logan Ford,865-292-3846,Logan.Ford@ShowMasters.com,Traci Thompson,214-924-9278,Traci.Thompson@ShowMasters.com,Michael Shipman,John Smith,123-123-1234,234-234-2345,John@ProStaging.com,This client is stupid but fair.,Spacely Sprockets Shareholders Meeting,Hilton Anatole,2201 Stemmons Freeway,Dallas,TX,75207,This venue has a bad elevator.,Collect deposit onsite,This client likes Jason Foutch for Crew Lead,Parking is reimbursed,,,Ed Johnson,345-345-3456,Authorized,Ballroom B,Loading dock,SMPL Polo and black pants,3/20/2026,8:00 a.m.,5:00 p.m.,LOAD IN,SUPERVISOR 20,1
,,,,,,,,,,,,,,,,,,,,,,,,,,,,,,,,,,,,,,,,,3/20/2026,8:00 a.m.,5:00 p.m.,LOAD IN,HAND - LIGHTING <TEST>,10
,,,,,,,,,,,,,,,,,,,,,,,,,,,,,,,,,,,,,,,,,3/20/2026,8:00 a.m.,5:00 p.m.,LOAD IN,HAND - VIDEO,8
,,,,,,,,,,,,,,,,,,,,,,,,,,,,,,,,,,,,,,,,,3/20/2026,8:00 a.m.,5:00 p.m.,LOAD IN,HAND - AUDIO,6
,,,,,,,,,,,,,,,,,,,,,,,,,,,,,,,,,,,,,,,,,,,
,,,,,,,,,,,,,,,,,,,,,,,,,,,,,,,,,,,,,,,,,3/22/2026,4:00 p.m.,9:00 p.m.,LOAD OUT,SUPERVISOR 20,1
,,,,,,,,,,,,,,,,,,,,,,,,,,,,,,,,,,,,,,,,,3/22/2026,4:00 p.m.,9:00 p.m.,LOAD OUT,HAND - LIGHTING,10
,,,,,,,,,,,,,,,,,,,,,,,,,,,,,,,,,,,,,,,,,3/22/2026,4:00 p.m.,9:00 p.m.,LOAD OUT,HAND - VIDEO,8
,,,,,,,,,,,,,,,,,,,,,,,,,,,,,,,,,,,,,,,,,3/22/2026,4:00 p.m.,9:00 p.m.,LOAD OUT,HAND - AUDIO,6
